"pairs","Df","SumsOfSqs","F.Model","R2","p.value","p.adjusted","sig"
"pre_oral vs post_oral",1,0.0183042560568082,2.82930073536153,0.204587403911682,0.0482,0.05784,""
"pre_oral vs pre_fecal",1,0.207880014951193,105.080784082267,0.94598525703999,0.0294,0.0441,"."
"pre_oral vs post_fecal",1,0.280145543668873,131.299505168318,0.916259306088287,0.0012,0.0032,"*"
"post_oral vs pre_fecal",1,0.171954352213184,26.5460887277976,0.707026740395038,0.0016,0.0032,"*"
"post_oral vs post_fecal",1,0.272050601510409,54.4182648053936,0.761965653375603,1e-04,6e-04,"**"
"pre_fecal vs post_fecal",1,0.00239698344931789,1.11955667710473,0.0853349472591934,0.3047,0.3047,""
